timestamp,cpu_percent,memory_percent,disk_io_read,disk_io_write,network_latency_ms,active_connections,error_rate
2026-09-20T14:00:00,45.2,62.1,1200,800,12.5,48,0.1
2026-09-20T14:05:00,52.8,63.4,1350,920,14.2,51,0.1
2026-09-20T14:10:00,58.1,65.2,1420,980,18.7,52,0.2
2026-09-20T14:15:00,67.3,68.9,1580,1100,25.3,50,0.3
2026-09-20T14:20:00,78.5,72.1,1750,1250,45.8,49,0.8
2026-09-20T14:25:00,85.2,78.4,2100,1500,89.2,47,2.1
2026-09-20T14:30:00,92.1,82.3,2450,1800,156.3,45,5.3
2026-09-20T14:35:00,95.8,85.7,2800,2100,312.5,42,8.7
2026-09-20T14:40:00,97.2,88.1,3100,2400,523.1,38,12.4
2026-09-20T14:45:00,98.5,90.2,3500,2700,845.2,32,18.9
2026-09-20T14:50:00,62.3,74.5,1800,1200,45.2,44,3.2
2026-09-20T14:55:00,48.1,65.3,1300,850,15.8,49,0.5
2026-09-20T15:00:00,44.5,62.8,1180,780,12.1,50,0.1
